{
  "base_model": "en_core_web_sm",
  "n_iter": 30,
  "n_train": 400,
  "n_dev": 100,
  "final_loss": "5.2985396",
  "ents_p": 0.9822064056939501,
  "ents_r": 0.9822064056939501,
  "ents_f": 0.9822064056939501,
  "ents_per_type": {
    "CONTRACTING_OFFICER": {
      "p": 0.8823529411764706,
      "r": 0.8823529411764706,
      "f": 0.8823529411764706
    },
    "DELIVERABLE_DESC": {
      "p": 1.0,
      "r": 1.0,
      "f": 1.0
    },
    "PROPERTY_ITEM": {
      "p": 1.0,
      "r": 1.0,
      "f": 1.0
    },
    "SB_REQUIREMENT": {
      "p": 1.0,
      "r": 1.0,
      "f": 1.0
    },
    "OPTION_DESCRIPTION": {
      "p": 1.0,
      "r": 1.0,
      "f": 1.0
    },
    "FUNDING_TYPE": {
      "p": 1.0,
      "r": 1.0,
      "f": 1.0
    },
    "IP_PROVISION": {
      "p": 1.0,
      "r": 1.0,
      "f": 1.0
    },
    "RISK_CLAUSE": {
      "p": 1.0,
      "r": 1.0,
      "f": 1.0
    },
    "SCOPE_DESCRIPTION": {
      "p": 1.0,
      "r": 1.0,
      "f": 1.0
    },
    "CONTRACTOR_REP": {
      "p": 0.95,
      "r": 0.95,
      "f": 0.9500000000000001
    }
  }
}